---
- name: Barking and Dagenham
- name: Barnet
- name: Barnsley
- name: Bath and North East Somerset
- name: Bedford
- name: Bexley
- name: Birmingham
- name: Blackburn with Darwen
- name: Blackpool
- name: Bolton
- name: Bournemouth, Christchurch and Poole
- name: Bracknell Forest
- name: Bradford
- name: Brent
- name: Brighton and Hove
- name: Bristol, City of
- name: Bromley
- name: Buckinghamshire
- name: Bury
- name: Calderdale
- name: Cambridgeshire
- name: Camden
- name: Central Bedfordshire
- name: Cheshire East
- name: Cheshire West and Chester
- name: City of London
- name: Cornwall
- name: County Durham
- name: Coventry
- name: Croydon
- name: Cumbria
- name: Darlington
- name: Derby
- name: Derbyshire
- name: Devon
- name: Doncaster
- name: Dorset
- name: Dudley
- name: Ealing
- name: East Riding of Yorkshire
- name: East Sussex
- name: Enfield
- name: Essex
- name: Gateshead
- name: Gloucestershire
- name: Greenwich
- name: Hackney
- name: Halton
- name: Hammersmith and Fulham
- name: Hampshire
- name: Haringey
- name: Harrow
- name: Hartlepool
- name: Havering
- name: Herefordshire, County of
- name: Hertfordshire
- name: Hillingdon
- name: Hounslow
- name: Isle of Wight
- name: Isles of Scilly
- name: Islington
- name: Kensington and Chelsea
- name: Kent
- name: Kingston upon Hull, City of
- name: Kingston upon Thames
- name: Kirklees
- name: Knowsley
- name: Lambeth
- name: Lancashire
- name: Leeds
- name: Leicester
- name: Leicestershire
- name: Lewisham
- name: Lincolnshire
- name: Liverpool
- name: Luton
- name: Manchester
- name: Medway
- name: Merton
- name: Middlesbrough
- name: Milton Keynes
- name: Newcastle upon Tyne
- name: Newham
- name: Norfolk
- name: North East Lincolnshire
- name: North Lincolnshire
- name: North Northamptonshire
- name: North Somerset
- name: North Tyneside
- name: North Yorkshire
- name: Northumberland
- name: Nottingham
- name: Nottinghamshire
- name: Oldham
- name: Oxfordshire
- name: Peterborough
- name: Plymouth
- name: Portsmouth
- name: Reading
- name: Redbridge
- name: Redcar and Cleveland
- name: Richmond upon Thames
- name: Rochdale
- name: Rotherham
- name: Rutland
- name: Salford
- name: Sandwell
- name: Sefton
- name: Sheffield
- name: Shropshire
- name: Slough
- name: Solihull
- name: Somerset
- name: South Gloucestershire
- name: South Tyneside
- name: Southampton
- name: Southend-on-Sea
- name: Southwark
- name: St. Helens
- name: Staffordshire
- name: Stockport
- name: Stockton-on-Tees
- name: Stoke-on-Trent
- name: Suffolk
- name: Sunderland
- name: Surrey
- name: Sutton
- name: Swindon
- name: Tameside
- name: Telford and Wrekin
- name: Thurrock
- name: Torbay
- name: Tower Hamlets
- name: Trafford
- name: Wakefield
- name: Walsall
- name: Waltham Forest
- name: Wandsworth
- name: Warrington
- name: Warwickshire
- name: West Berkshire
- name: West Northamptonshire
- name: West Sussex
- name: Westminster
- name: Wigan
- name: Wiltshire
- name: Windsor and Maidenhead
- name: Wirral
- name: Wokingham
- name: Wolverhampton
- name: Worcestershire
- name: York
